"sort_order","region_name"
"255","中国"
"255","","北京"
"255","","","北京"
"255","","","","东城区"
"255","","","","西城区"
"255","","","","海淀区"
"255","","","","朝阳区"
"255","","","","崇文区"
"255","","","","宣武区"
"255","","","","丰台区"
"255","","","","石景山区"
"255","","","","房山区"
"255","","","","门头沟区"
"255","","","","通州区"
"255","","","","顺义区"
"255","","","","昌平区"
"255","","","","怀柔区"
"255","","","","平谷区"
"255","","","","大兴区"
"255","","","","密云县"
"255","","","","延庆县"
"255","","安徽"
"255","","","安庆"
"255","","","","迎江区"
"255","","","","大观区"
"255","","","","宜秀区"
"255","","","","桐城市"
"255","","","","怀宁县"
"255","","","","枞阳县"
"255","","","","潜山县"
"255","","","","太湖县"
"255","","","","宿松县"
"255","","","","望江县"
"255","","","","岳西县"
"255","","","蚌埠"
"255","","","","中市区"
"255","","","","东市区"
"255","","","","西市区"
"255","","","","郊区"
"255","","","","怀远县"
"255","","","","五河县"
"255","","","","固镇县"
"255","","","巢湖"
"255","","","","居巢区"
"255","","","","庐江县"
"255","","","","无为县"
"255","","","","含山县"
"255","","","","和县"
"255","","","池州"
"255","","","","贵池区"
"255","","","","东至县"
"255","","","","石台县"
"255","","","","青阳县"
"255","","","滁州"
"255","","","","琅琊区"
"255","","","","南谯区"
"255","","","","天长市"
"255","","","","明光市"
"255","","","","来安县"
"255","","","","全椒县"
"255","","","","定远县"
"255","","","","凤阳县"
"255","","","阜阳"
"255","","","","蚌山区"
"255","","","","龙子湖区"
"255","","","","禹会区"
"255","","","","淮上区"
"255","","","","颍州区"
"255","","","","颍东区"
"255","","","","颍泉区"
"255","","","","界首市"
"255","","","","临泉县"
"255","","","","太和县"
"255","","","","阜南县"
"255","","","","颖上县"
"255","","","淮北"
"255","","","","相山区"
"255","","","","杜集区"
"255","","","","烈山区"
"255","","","","濉溪县"
"255","","","淮南"
"255","","","","田家庵区"
"255","","","","大通区"
"255","","","","谢家集区"
"255","","","","八公山区"
"255","","","","潘集区"
"255","","","","凤台县"
"255","","","黄山"
"255","","","","屯溪区"
"255","","","","黄山区"
"255","","","","徽州区"
"255","","","","歙县"
"255","","","","休宁县"
"255","","","","黟县"
"255","","","","祁门县"
"255","","","六安"
"255","","","","金安区"
"255","","","","裕安区"
"255","","","","寿县"
"255","","","","霍邱县"
"255","","","","舒城县"
"255","","","","金寨县"
"255","","","","霍山县"
"255","","","马鞍山"
"255","","","","雨山区"
"255","","","","花山区"
"255","","","","金家庄区"
"255","","","","当涂县"
"255","","","宿州"
"255","","","","埇桥区"
"255","","","","砀山县"
"255","","","","萧县"
"255","","","","灵璧县"
"255","","","","泗县"
"255","","","铜陵"
"255","","","","铜官山区"
"255","","","","狮子山区"
"255","","","","郊区"
"255","","","","铜陵县"
"255","","","芜湖"
"255","","","","镜湖区"
"255","","","","弋江区"
"255","","","","鸠江区"
"255","","","","三山区"
"255","","","","芜湖县"
"255","","","","繁昌县"
"255","","","","南陵县"
"255","","","宣城"
"255","","","","宣州区"
"255","","","","宁国市"
"255","","","","郎溪县"
"255","","","","广德县"
"255","","","","泾县"
"255","","","","绩溪县"
"255","","","","旌德县"
"255","","","亳州"
"255","","","","涡阳县"
"255","","","","蒙城县"
"255","","","","利辛县"
"255","","","","谯城区"
"255","","","合肥"
"255","","","","庐阳区"
"255","","","","瑶海区"
"255","","","","蜀山区"
"255","","","","包河区"
"255","","","","长丰县"
"255","","","","肥东县"
"255","","","","肥西县"
"255","","福建"
"255","","","福州"
"255","","","","鼓楼区"
"255","","","","台江区"
"255","","","","仓山区"
"255","","","","马尾区"
"255","","","","晋安区"
"255","","","","福清市"
"255","","","","长乐市"
"255","","","","闽侯县"
"255","","","","连江县"
"255","","","","罗源县"
"255","","","","闽清县"
"255","","","","永泰县"
"255","","","","平潭县"
"255","","","龙岩"
"255","","","","新罗区"
"255","","","","漳平市"
"255","","","","长汀县"
"255","","","","永定县"
"255","","","","上杭县"
"255","","","","武平县"
"255","","","","连城县"
"255","","","南平"
"255","","","","延平区"
"255","","","","邵武市"
"255","","","","武夷山市"
"255","","","","建瓯市"
"255","","","","建阳市"
"255","","","","顺昌县"
"255","","","","浦城县"
"255","","","","光泽县"
"255","","","","松溪县"
"255","","","","政和县"
"255","","","宁德"
"255","","","","蕉城区"
"255","","","","福安市"
"255","","","","福鼎市"
"255","","","","霞浦县"
"255","","","","古田县"
"255","","","","屏南县"
"255","","","","寿宁县"
"255","","","","周宁县"
"255","","","","柘荣县"
"255","","","莆田"
"255","","","","城厢区"
"255","","","","涵江区"
"255","","","","荔城区"
"255","","","","秀屿区"
"255","","","","仙游县"
"255","","","泉州"
"255","","","","鲤城区"
"255","","","","丰泽区"
"255","","","","洛江区"
"255","","","","清濛开发区"
"255","","","","泉港区"
"255","","","","石狮市"
"255","","","","晋江市"
"255","","","","南安市"
"255","","","","惠安县"
"255","","","","安溪县"
"255","","","","永春县"
"255","","","","德化县"
"255","","","","金门县"
"255","","","三明"
"255","","","","梅列区"
"255","","","","三元区"
"255","","","","永安市"
"255","","","","明溪县"
"255","","","","清流县"
"255","","","","宁化县"
"255","","","","大田县"
"255","","","","尤溪县"
"255","","","","沙县"
"255","","","","将乐县"
"255","","","","泰宁县"
"255","","","","建宁县"
"255","","","厦门"
"255","","","","思明区"
"255","","","","海沧区"
"255","","","","湖里区"
"255","","","","集美区"
"255","","","","同安区"
"255","","","","翔安区"
"255","","","漳州"
"255","","","","芗城区"
"255","","","","龙文区"
"255","","","","龙海市"
"255","","","","云霄县"
"255","","","","漳浦县"
"255","","","","诏安县"
"255","","","","长泰县"
"255","","","","东山县"
"255","","","","南靖县"
"255","","","","平和县"
"255","","","","华安县"
"255","","甘肃"
"255","","","兰州"
"255","","","","皋兰县"
"255","","","","城关区"
"255","","","","七里河区"
"255","","","","西固区"
"255","","","","安宁区"
"255","","","","红古区"
"255","","","","永登县"
"255","","","","榆中县"
"255","","","白银"
"255","","","","白银区"
"255","","","","平川区"
"255","","","","会宁县"
"255","","","","景泰县"
"255","","","","靖远县"
"255","","","定西"
"255","","","","临洮县"
"255","","","","陇西县"
"255","","","","通渭县"
"255","","","","渭源县"
"255","","","","漳县"
"255","","","","岷县"
"255","","","","安定区"
"255","","","甘南"
"255","","","","合作市"
"255","","","","临潭县"
"255","","","","卓尼县"
"255","","","","舟曲县"
"255","","","","迭部县"
"255","","","","玛曲县"
"255","","","","碌曲县"
"255","","","","夏河县"
"255","","","嘉峪关"
"255","","","","嘉峪关市"
"255","","","金昌"
"255","","","","金川区"
"255","","","","永昌县"
"255","","","酒泉"
"255","","","","肃州区"
"255","","","","玉门市"
"255","","","","敦煌市"
"255","","","","金塔县"
"255","","","","瓜州县"
"255","","","","肃北"
"255","","","","阿克塞"
"255","","","临夏"
"255","","","","临夏市"
"255","","","","临夏县"
"255","","","","康乐县"
"255","","","","永靖县"
"255","","","","广河县"
"255","","","","和政县"
"255","","","","东乡族自治县"
"255","","","","积石山"
"255","","","陇南"
"255","","","","成县"
"255","","","","徽县"
"255","","","","康县"
"255","","","","礼县"
"255","","","","两当县"
"255","","","","文县"
"255","","","","西和县"
"255","","","","宕昌县"
"255","","","","武都区"
"255","","","平凉"
"255","","","","崇信县"
"255","","","","华亭县"
"255","","","","静宁县"
"255","","","","灵台县"
"255","","","","崆峒区"
"255","","","","庄浪县"
"255","","","","泾川县"
"255","","","庆阳"
"255","","","","合水县"
"255","","","","华池县"
"255","","","","环县"
"255","","","","宁县"
"255","","","","庆城县"
"255","","","","西峰区"
"255","","","","镇原县"
"255","","","","正宁县"
"255","","","天水"
"255","","","","甘谷县"
"255","","","","秦安县"
"255","","","","清水县"
"255","","","","秦州区"
"255","","","","麦积区"
"255","","","","武山县"
"255","","","","张家川"
"255","","","武威"
"255","","","","古浪县"
"255","","","","民勤县"
"255","","","","天祝"
"255","","","","凉州区"
"255","","","张掖"
"255","","","","高台县"
"255","","","","临泽县"
"255","","","","民乐县"
"255","","","","山丹县"
"255","","","","肃南"
"255","","","","甘州区"
"255","","广东"
"255","","","广州"
"255","","","","从化市"
"255","","","","天河区"
"255","","","","东山区"
"255","","","","白云区"
"255","","","","海珠区"
"255","","","","荔湾区"
"255","","","","越秀区"
"255","","","","黄埔区"
"255","","","","番禺区"
"255","","","","花都区"
"255","","","","增城区"
"255","","","","从化区"
"255","","","","市郊"
"255","","","深圳"
"255","","","","福田区"
"255","","","","罗湖区"
"255","","","","南山区"
"255","","","","宝安区"
"255","","","","龙岗区"
"255","","","","盐田区"
"255","","","潮州"
"255","","","","湘桥区"
"255","","","","潮安县"
"255","","","","饶平县"
"255","","","东莞"
"255","","","","南城区"
"255","","","","东城区"
"255","","","","万江区"
"255","","","","莞城区"
"255","","","","石龙镇"
"255","","","","虎门镇"
"255","","","","麻涌镇"
"255","","","","道滘镇"
"255","","","","石碣镇"
"255","","","","沙田镇"
"255","","","","望牛墩镇"
"255","","","","洪梅镇"
"255","","","","茶山镇"
"255","","","","寮步镇"
"255","","","","大岭山镇"
"255","","","","大朗镇"
"255","","","","黄江镇"
"255","","","","樟木头"
"255","","","","凤岗镇"
"255","","","","塘厦镇"
"255","","","","谢岗镇"
"255","","","","厚街镇"
"255","","","","清溪镇"
"255","","","","常平镇"
"255","","","","桥头镇"
"255","","","","横沥镇"
"255","","","","东坑镇"
"255","","","","企石镇"
"255","","","","石排镇"
"255","","","","长安镇"
"255","","","","中堂镇"
"255","","","","高埗镇"
"255","","","佛山"
"255","","","","禅城区"
"255","","","","南海区"
"255","","","","顺德区"
"255","","","","三水区"
"255","","","","高明区"
"255","","","河源"
"255","","","","东源县"
"255","","","","和平县"
"255","","","","源城区"
"255","","","","连平县"
"255","","","","龙川县"
"255","","","","紫金县"
"255","","","惠州"
"255","","","","惠阳区"
"255","","","","惠城区"
"255","","","","大亚湾"
"255","","","","博罗县"
"255","","","","惠东县"
"255","","","","龙门县"
"255","","","江门"
"255","","","","江海区"
"255","","","","蓬江区"
"255","","","","新会区"
"255","","","","台山市"
"255","","","","开平市"
"255","","","","鹤山市"
"255","","","","恩平市"
"255","","","揭阳"
"255","","","","榕城区"
"255","","","","普宁市"
"255","","","","揭东县"
"255","","","","揭西县"
"255","","","","惠来县"
"255","","","茂名"
"255","","","","茂南区"
"255","","","","茂港区"
"255","","","","高州市"
"255","","","","化州市"
"255","","","","信宜市"
"255","","","","电白县"
"255","","","梅州"
"255","","","","梅县"
"255","","","","梅江区"
"255","","","","兴宁市"
"255","","","","大埔县"
"255","","","","丰顺县"
"255","","","","五华县"
"255","","","","平远县"
"255","","","","蕉岭县"
"255","","","清远"
"255","","","","清城区"
"255","","","","英德市"
"255","","","","连州市"
"255","","","","佛冈县"
"255","","","","阳山县"
"255","","","","清新县"
"255","","","","连山"
"255","","","","连南"
"255","","","汕头"
"255","","","","南澳县"
"255","","","","潮阳区"
"255","","","","澄海区"
"255","","","","龙湖区"
"255","","","","金平区"
"255","","","","濠江区"
"255","","","","潮南区"
"255","","","汕尾"
"255","","","","城区"
"255","","","","陆丰市"
"255","","","","海丰县"
"255","","","","陆河县"
"255","","","韶关"
"255","","","","曲江县"
"255","","","","浈江区"
"255","","","","武江区"
"255","","","","曲江区"
"255","","","","乐昌市"
"255","","","","南雄市"
"255","","","","始兴县"
"255","","","","仁化县"
"255","","","","翁源县"
"255","","","","新丰县"
"255","","","","乳源"
"255","","","阳江"
"255","","","","江城区"
"255","","","","阳春市"
"255","","","","阳西县"
"255","","","","阳东县"
"255","","","云浮"
"255","","","","云城区"
"255","","","","罗定市"
"255","","","","新兴县"
"255","","","","郁南县"
"255","","","","云安县"
"255","","","湛江"
"255","","","","赤坎区"
"255","","","","霞山区"
"255","","","","坡头区"
"255","","","","麻章区"
"255","","","","廉江市"
"255","","","","雷州市"
"255","","","","吴川市"
"255","","","","遂溪县"
"255","","","","徐闻县"
"255","","","肇庆"
"255","","","","肇庆市"
"255","","","","高要市"
"255","","","","四会市"
"255","","","","广宁县"
"255","","","","怀集县"
"255","","","","封开县"
"255","","","","德庆县"
"255","","","中山"
"255","","","","石岐街道"
"255","","","","东区街道"
"255","","","","西区街道"
"255","","","","环城街道"
"255","","","","中山港街道"
"255","","","","五桂山街道"
"255","","","珠海"
"255","","","","香洲区"
"255","","","","斗门区"
"255","","","","金湾区"
"255","","广西"
"255","","","南宁"
"255","","","","邕宁区"
"255","","","","青秀区"
"255","","","","兴宁区"
"255","","","","良庆区"
"255","","","","西乡塘区"
"255","","","","江南区"
"255","","","","武鸣县"
"255","","","","隆安县"
"255","","","","马山县"
"255","","","","上林县"
"255","","","","宾阳县"
"255","","","","横县"
"255","","","桂林"
"255","","","","秀峰区"
"255","","","","叠彩区"
"255","","","","象山区"
"255","","","","七星区"
"255","","","","雁山区"
"255","","","","阳朔县"
"255","","","","临桂县"
"255","","","","灵川县"
"255","","","","全州县"
"255","","","","平乐县"
"255","","","","兴安县"
"255","","","","灌阳县"
"255","","","","荔浦县"
"255","","","","资源县"
"255","","","","永福县"
"255","","","","龙胜"
"255","","","","恭城"
"255","","","百色"
"255","","","","右江区"
"255","","","","凌云县"
"255","","","","平果县"
"255","","","","西林县"
"255","","","","乐业县"
"255","","","","德保县"
"255","","","","田林县"
"255","","","","田阳县"
"255","","","","靖西县"
"255","","","","田东县"
"255","","","","那坡县"
"255","","","","隆林"
"255","","","北海"
"255","","","","海城区"
"255","","","","银海区"
"255","","","","铁山港区"
"255","","","","合浦县"
"255","","","崇左"
"255","","","","江州区"
"255","","","","凭祥市"
"255","","","","宁明县"
"255","","","","扶绥县"
"255","","","","龙州县"
"255","","","","大新县"
"255","","","","天等县"
"255","","","防城港"
"255","","","","港口区"
"255","","","","防城区"
"255","","","","东兴市"
"255","","","","上思县"
"255","","","贵港"
"255","","","","港北区"
"255","","","","港南区"
"255","","","","覃塘区"
"255","","","","桂平市"
"255","","","","平南县"
"255","","","河池"
"255","","","","金城江区"
"255","","","","宜州市"
"255","","","","天峨县"
"255","","","","凤山县"
"255","","","","南丹县"
"255","","","","东兰县"
"255","","","","都安"
"255","","","","罗城"
"255","","","","巴马"
"255","","","","环江"
"255","","","","大化"
"255","","","贺州"
"255","","","","八步区"
"255","","","","钟山县"
"255","","","","昭平县"
"255","","","","富川"
"255","","","来宾"
"255","","","","兴宾区"
"255","","","","合山市"
"255","","","","象州县"
"255","","","","武宣县"
"255","","","","忻城县"
"255","","","","金秀"
"255","","","柳州"
"255","","","","城中区"
"255","","","","鱼峰区"
"255","","","","柳北区"
"255","","","","柳南区"
"255","","","","柳江县"
"255","","","","柳城县"
"255","","","","鹿寨县"
"255","","","","融安县"
"255","","","","融水"
"255","","","","三江"
"255","","","钦州"
"255","","","","钦南区"
"255","","","","钦北区"
"255","","","","灵山县"
"255","","","","浦北县"
"255","","","梧州"
"255","","","","万秀区"
"255","","","","蝶山区"
"255","","","","长洲区"
"255","","","","岑溪市"
"255","","","","苍梧县"
"255","","","","藤县"
"255","","","","蒙山县"
"255","","","玉林"
"255","","","","玉州区"
"255","","","","北流市"
"255","","","","容县"
"255","","","","陆川县"
"255","","","","博白县"
"255","","","","兴业县"
"255","","贵州"
"255","","","贵阳"
"255","","","","南明区"
"255","","","","云岩区"
"255","","","","花溪区"
"255","","","","乌当区"
"255","","","","白云区"
"255","","","","小河区"
"255","","","","金阳新区"
"255","","","","新天园区"
"255","","","","清镇市"
"255","","","","开阳县"
"255","","","","修文县"
"255","","","","息烽县"
"255","","","安顺"
"255","","","","西秀区"
"255","","","","关岭"
"255","","","","镇宁"
"255","","","","紫云"
"255","","","","平坝县"
"255","","","","普定县"
"255","","","毕节"
"255","","","","毕节市"
"255","","","","大方县"
"255","","","","黔西县"
"255","","","","金沙县"
"255","","","","织金县"
"255","","","","纳雍县"
"255","","","","赫章县"
"255","","","","威宁"
"255","","","六盘水"
"255","","","","钟山区"
"255","","","","六枝特区"
"255","","","","水城县"
"255","","","","盘县"
"255","","","黔东南"
"255","","","","凯里市"
"255","","","","黄平县"
"255","","","","施秉县"
"255","","","","三穗县"
"255","","","","镇远县"
"255","","","","岑巩县"
"255","","","","天柱县"
"255","","","","锦屏县"
"255","","","","剑河县"
"255","","","","台江县"
"255","","","","黎平县"
"255","","","","榕江县"
"255","","","","从江县"
"255","","","","雷山县"
"255","","","","麻江县"
"255","","","","丹寨县"
"255","","","黔南"
"255","","","","都匀市"
"255","","","","福泉市"
"255","","","","荔波县"
"255","","","","贵定县"
"255","","","","瓮安县"
"255","","","","独山县"
"255","","","","平塘县"
"255","","","","罗甸县"
"255","","","","长顺县"
"255","","","","龙里县"
"255","","","","惠水县"
"255","","","","三都"
"255","","","黔西南"
"255","","","","兴义市"
"255","","","","兴仁县"
"255","","","","普安县"
"255","","","","晴隆县"
"255","","","","贞丰县"
"255","","","","望谟县"
"255","","","","册亨县"
"255","","","","安龙县"
"255","","","铜仁"
"255","","","","铜仁市"
"255","","","","江口县"
"255","","","","石阡县"
"255","","","","思南县"
"255","","","","德江县"
"255","","","","玉屏"
"255","","","","印江"
"255","","","","沿河"
"255","","","","松桃"
"255","","","","万山特区"
"255","","","遵义"
"255","","","","红花岗区"
"255","","","","务川县"
"255","","","","道真县"
"255","","","","汇川区"
"255","","","","赤水市"
"255","","","","仁怀市"
"255","","","","遵义县"
"255","","","","桐梓县"
"255","","","","绥阳县"
"255","","","","正安县"
"255","","","","凤冈县"
"255","","","","湄潭县"
"255","","","","余庆县"
"255","","","","习水县"
"255","","","","道真"
"255","","","","务川"
"255","","海南"
"255","","","海口"
"255","","","","秀英区"
"255","","","","龙华区"
"255","","","","琼山区"
"255","","","","美兰区"
"255","","","三亚"
"255","","","白沙"
"255","","","保亭"
"255","","","昌江"
"255","","","澄迈县"
"255","","","定安县"
"255","","","东方"
"255","","","乐东"
"255","","","临高县"
"255","","","陵水"
"255","","","琼海"
"255","","","琼中"
"255","","","屯昌县"
"255","","","万宁"
"255","","","文昌"
"255","","","五指山"
"255","","","儋州"
"255","","","","市区"
"255","","","","洋浦开发区"
"255","","","","那大镇"
"255","","","","王五镇"
"255","","","","雅星镇"
"255","","","","大成镇"
"255","","","","中和镇"
"255","","","","峨蔓镇"
"255","","","","南丰镇"
"255","","","","白马井镇"
"255","","","","兰洋镇"
"255","","","","和庆镇"
"255","","","","海头镇"
"255","","","","排浦镇"
"255","","","","东成镇"
"255","","","","光村镇"
"255","","","","木棠镇"
"255","","","","新州镇"
"255","","","","三都镇"
"255","","","","其他"
"255","","河北"
"255","","","石家庄"
"255","","","","长安区"
"255","","","","桥东区"
"255","","","","桥西区"
"255","","","","新华区"
"255","","","","裕华区"
"255","","","","井陉矿区"
"255","","","","高新区"
"255","","","","辛集市"
"255","","","","藁城市"
"255","","","","晋州市"
"255","","","","新乐市"
"255","","","","鹿泉市"
"255","","","","井陉县"
"255","","","","正定县"
"255","","","","栾城县"
"255","","","","行唐县"
"255","","","","灵寿县"
"255","","","","高邑县"
"255","","","","深泽县"
"255","","","","赞皇县"
"255","","","","无极县"
"255","","","","平山县"
"255","","","","元氏县"
"255","","","","赵县"
"255","","","保定"
"255","","","","新市区"
"255","","","","南市区"
"255","","","","北市区"
"255","","","","涿州市"
"255","","","","定州市"
"255","","","","安国市"
"255","","","","高碑店市"
"255","","","","满城县"
"255","","","","清苑县"
"255","","","","涞水县"
"255","","","","阜平县"
"255","","","","徐水县"
"255","","","","定兴县"
"255","","","","唐县"
"255","","","","高阳县"
"255","","","","容城县"
"255","","","","涞源县"
"255","","","","望都县"
"255","","","","安新县"
"255","","","","易县"
"255","","","","曲阳县"
"255","","","","蠡县"
"255","","","","顺平县"
"255","","","","博野县"
"255","","","","雄县"
"255","","","沧州"
"255","","","","运河区"
"255","","","","新华区"
"255","","","","泊头市"
"255","","","","任丘市"
"255","","","","黄骅市"
"255","","","","河间市"
"255","","","","沧县"
"255","","","","青县"
"255","","","","东光县"
"255","","","","海兴县"
"255","","","","盐山县"
"255","","","","肃宁县"
"255","","","","南皮县"
"255","","","","吴桥县"
"255","","","","献县"
"255","","","","孟村"
"255","","","承德"
"255","","","","双桥区"
"255","","","","双滦区"
"255","","","","鹰手营子矿区"
"255","","","","承德县"
"255","","","","兴隆县"
"255","","","","平泉县"
"255","","","","滦平县"
"255","","","","隆化县"
"255","","","","丰宁"
"255","","","","宽城"
"255","","","","围场"
"255","","","邯郸"
"255","","","","从台区"
"255","","","","复兴区"
"255","","","","邯山区"
"255","","","","峰峰矿区"
"255","","","","武安市"
"255","","","","邯郸县"
"255","","","","临漳县"
"255","","","","成安县"
"255","","","","大名县"
"255","","","","涉县"
"255","","","","磁县"
"255","","","","肥乡县"
"255","","","","永年县"
"255","","","","邱县"
"255","","","","鸡泽县"
"255","","","","广平县"
"255","","","","馆陶县"
"255","","","","魏县"
"255","","","","曲周县"
"255","","","衡水"
"255","","","","桃城区"
"255","","","","冀州市"
"255","","","","深州市"
"255","","","","枣强县"
"255","","","","武邑县"
"255","","","","武强县"
"255","","","","饶阳县"
"255","","","","安平县"
"255","","","","故城县"
"255","","","","景县"
"255","","","","阜城县"
"255","","","廊坊"
"255","","","","安次区"
"255","","","","广阳区"
"255","","","","霸州市"
"255","","","","三河市"
"255","","","","固安县"
"255","","","","永清县"
"255","","","","香河县"
"255","","","","大城县"
"255","","","","文安县"
"255","","","","大厂"
"255","","","秦皇岛"
"255","","","","海港区"
"255","","","","山海关区"
"255","","","","北戴河区"
"255","","","","昌黎县"
"255","","","","抚宁县"
"255","","","","卢龙县"
"255","","","","青龙"
"255","","","唐山"
"255","","","","路北区"
"255","","","","路南区"
"255","","","","古冶区"
"255","","","","开平区"
"255","","","","丰南区"
"255","","","","丰润区"
"255","","","","遵化市"
"255","","","","迁安市"
"255","","","","滦县"
"255","","","","滦南县"
"255","","","","乐亭县"
"255","","","","迁西县"
"255","","","","玉田县"
"255","","","","唐海县"
"255","","","邢台"
"255","","","","桥东区"
"255","","","","桥西区"
"255","","","","南宫市"
"255","","","","沙河市"
"255","","","","邢台县"
"255","","","","临城县"
"255","","","","内丘县"
"255","","","","柏乡县"
"255","","","","隆尧县"
"255","","","","任县"
"255","","","","南和县"
"255","","","","宁晋县"
"255","","","","巨鹿县"
"255","","","","新河县"
"255","","","","广宗县"
"255","","","","平乡县"
"255","","","","威县"
"255","","","","清河县"
"255","","","","临西县"
"255","","","张家口"
"255","","","","桥西区"
"255","","","","桥东区"
"255","","","","宣化区"
"255","","","","下花园区"
"255","","","","宣化县"
"255","","","","张北县"
"255","","","","康保县"
"255","","","","沽源县"
"255","","","","尚义县"
"255","","","","蔚县"
"255","","","","阳原县"
"255","","","","怀安县"
"255","","","","万全县"
"255","","","","怀来县"
"255","","","","涿鹿县"
"255","","","","赤城县"
"255","","","","崇礼县"
"255","","河南"
"255","","","郑州"
"255","","","","金水区"
"255","","","","邙山区"
"255","","","","二七区"
"255","","","","管城区"
"255","","","","中原区"
"255","","","","上街区"
"255","","","","惠济区"
"255","","","","郑东新区"
"255","","","","经济技术开发区"
"255","","","","高新开发区"
"255","","","","出口加工区"
"255","","","","巩义市"
"255","","","","荥阳市"
"255","","","","新密市"
"255","","","","新郑市"
"255","","","","登封市"
"255","","","","中牟县"
"255","","","洛阳"
"255","","","","西工区"
"255","","","","老城区"
"255","","","","涧西区"
"255","","","","瀍河回族区"
"255","","","","洛龙区"
"255","","","","吉利区"
"255","","","","偃师市"
"255","","","","孟津县"
"255","","","","新安县"
"255","","","","栾川县"
"255","","","","嵩县"
"255","","","","汝阳县"
"255","","","","宜阳县"
"255","","","","洛宁县"
"255","","","","伊川县"
"255","","","开封"
"255","","","","鼓楼区"
"255","","","","龙亭区"
"255","","","","顺河回族区"
"255","","","","金明区"
"255","","","","禹王台区"
"255","","","","杞县"
"255","","","","通许县"
"255","","","","尉氏县"
"255","","","","开封县"
"255","","","","兰考县"
"255","","","安阳"
"255","","","","北关区"
"255","","","","文峰区"
"255","","","","殷都区"
"255","","","","龙安区"
"255","","","","林州市"
"255","","","","安阳县"
"255","","","","汤阴县"
"255","","","","滑县"
"255","","","","内黄县"
"255","","","鹤壁"
"255","","","","淇滨区"
"255","","","","山城区"
"255","","","","鹤山区"
"255","","","","浚县"
"255","","","","淇县"
"255","","","济源"
"255","","","","济源市"
"255","","","焦作"
"255","","","","解放区"
"255","","","","中站区"
"255","","","","马村区"
"255","","","","山阳区"
"255","","","","沁阳市"
"255","","","","孟州市"
"255","","","","修武县"
"255","","","","博爱县"
"255","","","","武陟县"
"255","","","","温县"
"255","","","南阳"
"255","","","","卧龙区"
"255","","","","宛城区"
"255","","","","邓州市"
"255","","","","南召县"
"255","","","","方城县"
"255","","","","西峡县"
"255","","","","镇平县"
"255","","","","内乡县"
"255","","","","淅川县"
"255","","","","社旗县"
"255","","","","唐河县"
"255","","","","新野县"
"255","","","","桐柏县"
"255","","","平顶山"
"255","","","","新华区"
"255","","","","卫东区"
"255","","","","湛河区"
"255","","","","石龙区"
"255","","","","舞钢市"
"255","","","","汝州市"
"255","","","","宝丰县"
"255","","","","叶县"
"255","","","","鲁山县"
"255","","","","郏县"
"255","","","三门峡"
"255","","","","湖滨区"
"255","","","","义马市"
"255","","","","灵宝市"
"255","","","","渑池县"
"255","","","","陕县"
"255","","","","卢氏县"
"255","","","商丘"
"255","","","","梁园区"
"255","","","","睢阳区"
"255","","","","永城市"
"255","","","","民权县"
"255","","","","睢县"
"255","","","","宁陵县"
"255","","","","虞城县"
"255","","","","柘城县"
"255","","","","夏邑县"
"255","","","新乡"
"255","","","","卫滨区"
"255","","","","红旗区"
"255","","","","凤泉区"
"255","","","","牧野区"
"255","","","","卫辉市"
"255","","","","辉县市"
"255","","","","新乡县"
"255","","","","获嘉县"
"255","","","","原阳县"
"255","","","","延津县"
"255","","","","封丘县"
"255","","","","长垣县"
"255","","","信阳"
"255","","","","浉河区"
"255","","","","平桥区"
"255","","","","罗山县"
"255","","","","光山县"
"255","","","","新县"
"255","","","","商城县"
"255","","","","固始县"
"255","","","","潢川县"
"255","","","","淮滨县"
"255","","","","息县"
"255","","","许昌"
"255","","","","魏都区"
"255","","","","禹州市"
"255","","","","长葛市"
"255","","","","许昌县"
"255","","","","鄢陵县"
"255","","","","襄城县"
"255","","","周口"
"255","","","","川汇区"
"255","","","","项城市"
"255","","","","扶沟县"
"255","","","","西华县"
"255","","","","商水县"
"255","","","","沈丘县"
"255","","","","郸城县"
"255","","","","淮阳县"
"255","","","","太康县"
"255","","","","鹿邑县"
"255","","","驻马店"
"255","","","","驿城区"
"255","","","","西平县"
"255","","","","上蔡县"
"255","","","","平舆县"
"255","","","","正阳县"
"255","","","","确山县"
"255","","","","泌阳县"
"255","","","","汝南县"
"255","","","","遂平县"
"255","","","","新蔡县"
"255","","","漯河"
"255","","","","郾城区"
"255","","","","源汇区"
"255","","","","召陵区"
"255","","","","舞阳县"
"255","","","","临颍县"
"255","","","濮阳"
"255","","","","华龙区"
"255","","","","清丰县"
"255","","","","南乐县"
"255","","","","范县"
"255","","","","台前县"
"255","","","","濮阳县"
"255","","黑龙江"
"255","","","哈尔滨"
"255","","","","道里区"
"255","","","","南岗区"
"255","","","","动力区"
"255","","","","平房区"
"255","","","","香坊区"
"255","","","","太平区"
"255","","","","道外区"
"255","","","","阿城区"
"255","","","","呼兰区"
"255","","","","松北区"
"255","","","","尚志市"
"255","","","","双城市"
"255","","","","五常市"
"255","","","","方正县"
"255","","","","宾县"
"255","","","","依兰县"
"255","","","","巴彦县"
"255","","","","通河县"
"255","","","","木兰县"
"255","","","","延寿县"
"255","","","大庆"
"255","","","","萨尔图区"
"255","","","","红岗区"
"255","","","","龙凤区"
"255","","","","让胡路区"
"255","","","","大同区"
"255","","","","肇州县"
"255","","","","肇源县"
"255","","","","林甸县"
"255","","","","杜尔伯特"
"255","","","大兴安岭"
"255","","","","呼玛县"
"255","","","","漠河县"
"255","","","","塔河县"
"255","","","鹤岗"
"255","","","","兴山区"
"255","","","","工农区"
"255","","","","南山区"
"255","","","","兴安区"
"255","","","","向阳区"
"255","","","","东山区"
"255","","","","萝北县"
"255","","","","绥滨县"
"255","","","黑河"
"255","","","","爱辉区"
"255","","","","五大连池市"
"255","","","","北安市"
"255","","","","嫩江县"
"255","","","","逊克县"
"255","","","","孙吴县"
"255","","","鸡西"
"255","","","","鸡冠区"
"255","","","","恒山区"
"255","","","","城子河区"
"255","","","","滴道区"
"255","","","","梨树区"
"255","","","","虎林市"
"255","","","","密山市"
"255","","","","鸡东县"
"255","","","佳木斯"
"255","","","","前进区"
"255","","","","郊区"
"255","","","","向阳区"
"255","","","","东风区"
"255","","","","同江市"
"255","","","","富锦市"
"255","","","","桦南县"
"255","","","","桦川县"
"255","","","","汤原县"
"255","","","","抚远县"
"255","","","牡丹江"
"255","","","","爱民区"
"255","","","","东安区"
"255","","","","阳明区"
"255","","","","西安区"
"255","","","","绥芬河市"
"255","","","","海林市"
"255","","","","宁安市"
"255","","","","穆棱市"
"255","","","","东宁县"
"255","","","","林口县"
"255","","","七台河"
"255","","","","桃山区"
"255","","","","新兴区"
"255","","","","茄子河区"
"255","","","","勃利县"
"255","","","齐齐哈尔"
"255","","","","龙沙区"
"255","","","","昂昂溪区"
"255","","","","铁峰区"
"255","","","","建华区"
"255","","","","富拉尔基区"
"255","","","","碾子山区"
"255","","","","梅里斯达斡尔区"
"255","","","","讷河市"
"255","","","","龙江县"
"255","","","","依安县"
"255","","","","泰来县"
"255","","","","甘南县"
"255","","","","富裕县"
"255","","","","克山县"
"255","","","","克东县"
"255","","","","拜泉县"
"255","","","双鸭山"
"255","","","","尖山区"
"255","","","","岭东区"
"255","","","","四方台区"
"255","","","","宝山区"
"255","","","","集贤县"
"255","","","","友谊县"
"255","","","","宝清县"
"255","","","","饶河县"
"255","","","绥化"
"255","","","","北林区"
"255","","","","安达市"
"255","","","","肇东市"
"255","","","","海伦市"
"255","","","","望奎县"
"255","","","","兰西县"
"255","","","","青冈县"
"255","","","","庆安县"
"255","","","","明水县"
"255","","","","绥棱县"
"255","","","伊春"
"255","","","","伊春区"
"255","","","","带岭区"
"255","","","","南岔区"
"255","","","","金山屯区"
"255","","","","西林区"
"255","","","","美溪区"
"255","","","","乌马河区"
"255","","","","翠峦区"
"255","","","","友好区"
"255","","","","上甘岭区"
"255","","","","五营区"
"255","","","","红星区"
"255","","","","新青区"
"255","","","","汤旺河区"
"255","","","","乌伊岭区"
"255","","","","铁力市"
"255","","","","嘉荫县"
"255","","湖北"
"255","","","武汉"
"255","","","","江岸区"
"255","","","","武昌区"
"255","","","","江汉区"
"255","","","","硚口区"
"255","","","","汉阳区"
"255","","","","青山区"
"255","","","","洪山区"
"255","","","","东西湖区"
"255","","","","汉南区"
"255","","","","蔡甸区"
"255","","","","江夏区"
"255","","","","黄陂区"
"255","","","","新洲区"
"255","","","","经济开发区"
"255","","","仙桃"
"255","","","","仙桃市"
"255","","","鄂州"
"255","","","","鄂城区"
"255","","","","华容区"
"255","","","","梁子湖区"
"255","","","黄冈"
"255","","","","黄州区"
"255","","","","麻城市"
"255","","","","武穴市"
"255","","","","团风县"
"255","","","","红安县"
"255","","","","罗田县"
"255","","","","英山县"
"255","","","","浠水县"
"255","","","","蕲春县"
"255","","","","黄梅县"
"255","","","黄石"
"255","","","","黄石港区"
"255","","","","西塞山区"
"255","","","","下陆区"
"255","","","","铁山区"
"255","","","","大冶市"
"255","","","","阳新县"
"255","","","荆门"
"255","","","","东宝区"
"255","","","","掇刀区"
"255","","","","钟祥市"
"255","","","","京山县"
"255","","","","沙洋县"
"255","","","荆州"
"255","","","","沙市区"
"255","","","","荆州区"
"255","","","","石首市"
"255","","","","洪湖市"
"255","","","","松滋市"
"255","","","","公安县"
"255","","","","监利县"
"255","","","","江陵县"
"255","","","潜江"
"255","","","","潜江市"
"255","","","神农架林区"
"255","","","","神农架林区"
"255","","","十堰"
"255","","","","张湾区"
"255","","","","茅箭区"
"255","","","","丹江口市"
"255","","","","郧县"
"255","","","","郧西县"
"255","","","","竹山县"
"255","","","","竹溪县"
"255","","","","房县"
"255","","","随州"
"255","","","","曾都区"
"255","","","","广水市"
"255","","","天门"
"255","","","","天门市"
"255","","","咸宁"
"255","","","","咸安区"
"255","","","","赤壁市"
"255","","","","嘉鱼县"
"255","","","","通城县"
"255","","","","崇阳县"
"255","","","","通山县"
"255","","","襄樊"
"255","","","","襄城区"
"255","","","","樊城区"
"255","","","","襄阳区"
"255","","","","老河口市"
"255","","","","枣阳市"
"255","","","","宜城市"
"255","","","","南漳县"
"255","","","","谷城县"
"255","","","","保康县"
"255","","","孝感"
"255","","","","孝南区"
"255","","","","应城市"
"255","","","","安陆市"
"255","","","","汉川市"
"255","","","","孝昌县"
"255","","","","大悟县"
"255","","","","云梦县"
"255","","","宜昌"
"255","","","","长阳"
"255","","","","五峰"
"255","","","","西陵区"
"255","","","","伍家岗区"
"255","","","","点军区"
"255","","","","猇亭区"
"255","","","","夷陵区"
"255","","","","宜都市"
"255","","","","当阳市"
"255","","","","枝江市"
"255","","","","远安县"
"255","","","","兴山县"
"255","","","","秭归县"
"255","","","恩施"
"255","","","","恩施市"
"255","","","","利川市"
"255","","","","建始县"
"255","","","","巴东县"
"255","","","","宣恩县"
"255","","","","咸丰县"
"255","","","","来凤县"
"255","","","","鹤峰县"
"255","","湖南"
"255","","","长沙"
"255","","","","岳麓区"
"255","","","","芙蓉区"
"255","","","","天心区"
"255","","","","开福区"
"255","","","","雨花区"
"255","","","","开发区"
"255","","","","浏阳市"
"255","","","","长沙县"
"255","","","","望城县"
"255","","","","宁乡县"
"255","","","张家界"
"255","","","","永定区"
"255","","","","武陵源区"
"255","","","","慈利县"
"255","","","","桑植县"
"255","","","常德"
"255","","","","武陵区"
"255","","","","鼎城区"
"255","","","","津市市"
"255","","","","安乡县"
"255","","","","汉寿县"
"255","","","","澧县"
"255","","","","临澧县"
"255","","","","桃源县"
"255","","","","石门县"
"255","","","郴州"
"255","","","","北湖区"
"255","","","","苏仙区"
"255","","","","资兴市"
"255","","","","桂阳县"
"255","","","","宜章县"
"255","","","","永兴县"
"255","","","","嘉禾县"
"255","","","","临武县"
"255","","","","汝城县"
"255","","","","桂东县"
"255","","","","安仁县"
"255","","","衡阳"
"255","","","","雁峰区"
"255","","","","珠晖区"
"255","","","","石鼓区"
"255","","","","蒸湘区"
"255","","","","南岳区"
"255","","","","耒阳市"
"255","","","","常宁市"
"255","","","","衡阳县"
"255","","","","衡南县"
"255","","","","衡山县"
"255","","","","衡东县"
"255","","","","祁东县"
"255","","","怀化"
"255","","","","鹤城区"
"255","","","","靖州"
"255","","","","麻阳"
"255","","","","通道"
"255","","","","新晃"
"255","","","","芷江"
"255","","","","沅陵县"
"255","","","","辰溪县"
"255","","","","溆浦县"
"255","","","","中方县"
"255","","","","会同县"
"255","","","","洪江市"
"255","","","娄底"
"255","","","","娄星区"
"255","","","","冷水江市"
"255","","","","涟源市"
"255","","","","双峰县"
"255","","","","新化县"
"255","","","邵阳"
"255","","","","城步"
"255","","","","双清区"
"255","","","","大祥区"
"255","","","","北塔区"
"255","","","","武冈市"
"255","","","","邵东县"
"255","","","","新邵县"
"255","","","","邵阳县"
"255","","","","隆回县"
"255","","","","洞口县"
"255","","","","绥宁县"
"255","","","","新宁县"
"255","","","湘潭"
"255","","","","岳塘区"
"255","","","","雨湖区"
"255","","","","湘乡市"
"255","","","","韶山市"
"255","","","","湘潭县"
"255","","","湘西"
"255","","","","吉首市"
"255","","","","泸溪县"
"255","","","","凤凰县"
"255","","","","花垣县"
"255","","","","保靖县"
"255","","","","古丈县"
"255","","","","永顺县"
"255","","","","龙山县"
"255","","","益阳"
"255","","","","赫山区"
"255","","","","资阳区"
"255","","","","沅江市"
"255","","","","南县"
"255","","","","桃江县"
"255","","","","安化县"
"255","","","永州"
"255","","","","江华"
"255","","","","冷水滩区"
"255","","","","零陵区"
"255","","","","祁阳县"
"255","","","","东安县"
"255","","","","双牌县"
"255","","","","道县"
"255","","","","江永县"
"255","","","","宁远县"
"255","","","","蓝山县"
"255","","","","新田县"
"255","","","岳阳"
"255","","","","岳阳楼区"
"255","","","","君山区"
"255","","","","云溪区"
"255","","","","汨罗市"
"255","","","","临湘市"
"255","","","","岳阳县"
"255","","","","华容县"
"255","","","","湘阴县"
"255","","","","平江县"
"255","","","株洲"
"255","","","","天元区"
"255","","","","荷塘区"
"255","","","","芦淞区"
"255","","","","石峰区"
"255","","","","醴陵市"
"255","","","","株洲县"
"255","","","","攸县"
"255","","","","茶陵县"
"255","","","","炎陵县"
"255","","吉林"
"255","","","长春"
"255","","","","朝阳区"
"255","","","","宽城区"
"255","","","","二道区"
"255","","","","南关区"
"255","","","","绿园区"
"255","","","","双阳区"
"255","","","","净月潭开发区"
"255","","","","高新技术开发区"
"255","","","","经济技术开发区"
"255","","","","汽车产业开发区"
"255","","","","德惠市"
"255","","","","九台市"
"255","","","","榆树市"
"255","","","","农安县"
"255","","","吉林"
"255","","","","船营区"
"255","","","","昌邑区"
"255","","","","龙潭区"
"255","","","","丰满区"
"255","","","","蛟河市"
"255","","","","桦甸市"
"255","","","","舒兰市"
"255","","","","磐石市"
"255","","","","永吉县"
"255","","","白城"
"255","","","","洮北区"
"255","","","","洮南市"
"255","","","","大安市"
"255","","","","镇赉县"
"255","","","","通榆县"
"255","","","白山"
"255","","","","江源区"
"255","","","","八道江区"
"255","","","","长白"
"255","","","","临江市"
"255","","","","抚松县"
"255","","","","靖宇县"
"255","","","辽源"
"255","","","","龙山区"
"255","","","","西安区"
"255","","","","东丰县"
"255","","","","东辽县"
"255","","","四平"
"255","","","","铁西区"
"255","","","","铁东区"
"255","","","","伊通"
"255","","","","公主岭市"
"255","","","","双辽市"
"255","","","","梨树县"
"255","","","松原"
"255","","","","前郭尔罗斯"
"255","","","","宁江区"
"255","","","","长岭县"
"255","","","","乾安县"
"255","","","","扶余县"
"255","","","通化"
"255","","","","东昌区"
"255","","","","二道江区"
"255","","","","梅河口市"
"255","","","","集安市"
"255","","","","通化县"
"255","","","","辉南县"
"255","","","","柳河县"
"255","","","延边"
"255","","","","延吉市"
"255","","","","图们市"
"255","","","","敦化市"
"255","","","","珲春市"
"255","","","","龙井市"
"255","","","","和龙市"
"255","","","","安图县"
"255","","","","汪清县"
"255","","江苏"
"255","","","南京"
"255","","","","玄武区"
"255","","","","鼓楼区"
"255","","","","白下区"
"255","","","","建邺区"
"255","","","","秦淮区"
"255","","","","雨花台区"
"255","","","","下关区"
"255","","","","栖霞区"
"255","","","","浦口区"
"255","","","","江宁区"
"255","","","","六合区"
"255","","","","溧水县"
"255","","","","高淳县"
"255","","","苏州"
"255","","","","沧浪区"
"255","","","","金阊区"
"255","","","","平江区"
"255","","","","虎丘区"
"255","","","","吴中区"
"255","","","","相城区"
"255","","","","园区"
"255","","","","新区"
"255","","","","常熟市"
"255","","","","张家港市"
"255","","","","玉山镇"
"255","","","","巴城镇"
"255","","","","周市镇"
"255","","","","陆家镇"
"255","","","","花桥镇"
"255","","","","淀山湖镇"
"255","","","","张浦镇"
"255","","","","周庄镇"
"255","","","","千灯镇"
"255","","","","锦溪镇"
"255","","","","开发区"
"255","","","","吴江市"
"255","","","","太仓市"
"255","","","无锡"
"255","","","","崇安区"
"255","","","","北塘区"
"255","","","","南长区"
"255","","","","锡山区"
"255","","","","惠山区"
"255","","","","滨湖区"
"255","","","","新区"
"255","","","","江阴市"
"255","","","","宜兴市"
"255","","","常州"
"255","","","","天宁区"
"255","","","","钟楼区"
"255","","","","戚墅堰区"
"255","","","","郊区"
"255","","","","新北区"
"255","","","","武进区"
"255","","","","溧阳市"
"255","","","","金坛市"
"255","","","淮安"
"255","","","","清河区"
"255","","","","清浦区"
"255","","","","楚州区"
"255","","","","淮阴区"
"255","","","","涟水县"
"255","","","","洪泽县"
"255","","","","盱眙县"
"255","","","","金湖县"
"255","","","连云港"
"255","","","","新浦区"
"255","","","","连云区"
"255","","","","海州区"
"255","","","","赣榆县"
"255","","","","东海县"
"255","","","","灌云县"
"255","","","","灌南县"
"255","","","南通"
"255","","","","崇川区"
"255","","","","港闸区"
"255","","","","经济开发区"
"255","","","","启东市"
"255","","","","如皋市"
"255","","","","通州市"
"255","","","","海门市"
"255","","","","海安县"
"255","","","","如东县"
"255","","","宿迁"
"255","","","","宿城区"
"255","","","","宿豫区"
"255","","","","宿豫县"
"255","","","","沭阳县"
"255","","","","泗阳县"
"255","","","","泗洪县"
"255","","","泰州"
"255","","","","海陵区"
"255","","","","高港区"
"255","","","","兴化市"
"255","","","","靖江市"
"255","","","","泰兴市"
"255","","","","姜堰市"
"255","","","徐州"
"255","","","","云龙区"
"255","","","","鼓楼区"
"255","","","","九里区"
"255","","","","贾汪区"
"255","","","","泉山区"
"255","","","","新沂市"
"255","","","","邳州市"
"255","","","","丰县"
"255","","","","沛县"
"255","","","","铜山县"
"255","","","","睢宁县"
"255","","","盐城"
"255","","","","城区"
"255","","","","亭湖区"
"255","","","","盐都区"
"255","","","","盐都县"
"255","","","","东台市"
"255","","","","大丰市"
"255","","","","响水县"
"255","","","","滨海县"
"255","","","","阜宁县"
"255","","","","射阳县"
"255","","","","建湖县"
"255","","","扬州"
"255","","","","广陵区"
"255","","","","维扬区"
"255","","","","邗江区"
"255","","","","仪征市"
"255","","","","高邮市"
"255","","","","江都市"
"255","","","","宝应县"
"255","","","镇江"
"255","","","","京口区"
"255","","","","润州区"
"255","","","","丹徒区"
"255","","","","丹阳市"
"255","","","","扬中市"
"255","","","","句容市"
"255","","江西"
"255","","","南昌"
"255","","","","东湖区"
"255","","","","西湖区"
"255","","","","青云谱区"
"255","","","","湾里区"
"255","","","","青山湖区"
"255","","","","红谷滩新区"
"255","","","","昌北区"
"255","","","","高新区"
"255","","","","南昌县"
"255","","","","新建县"
"255","","","","安义县"
"255","","","","进贤县"
"255","","","抚州"
"255","","","","临川区"
"255","","","","南城县"
"255","","","","黎川县"
"255","","","","南丰县"
"255","","","","崇仁县"
"255","","","","乐安县"
"255","","","","宜黄县"
"255","","","","金溪县"
"255","","","","资溪县"
"255","","","","东乡县"
"255","","","","广昌县"
"255","","","赣州"
"255","","","","章贡区"
"255","","","","于都县"
"255","","","","瑞金市"
"255","","","","南康市"
"255","","","","赣县"
"255","","","","信丰县"
"255","","","","大余县"
"255","","","","上犹县"
"255","","","","崇义县"
"255","","","","安远县"
"255","","","","龙南县"
"255","","","","定南县"
"255","","","","全南县"
"255","","","","宁都县"
"255","","","","兴国县"
"255","","","","会昌县"
"255","","","","寻乌县"
"255","","","","石城县"
"255","","","吉安"
"255","","","","安福县"
"255","","","","吉州区"
"255","","","","青原区"
"255","","","","井冈山市"
"255","","","","吉安县"
"255","","","","吉水县"
"255","","","","峡江县"
"255","","","","新干县"
"255","","","","永丰县"
"255","","","","泰和县"
"255","","","","遂川县"
"255","","","","万安县"
"255","","","","永新县"
"255","","","景德镇"
"255","","","","珠山区"
"255","","","","昌江区"
"255","","","","乐平市"
"255","","","","浮梁县"
"255","","","九江"
"255","","","","浔阳区"
"255","","","","庐山区"
"255","","","","瑞昌市"
"255","","","","九江县"
"255","","","","武宁县"
"255","","","","修水县"
"255","","","","永修县"
"255","","","","德安县"
"255","","","","星子县"
"255","","","","都昌县"
"255","","","","湖口县"
"255","","","","彭泽县"
"255","","","萍乡"
"255","","","","安源区"
"255","","","","湘东区"
"255","","","","莲花县"
"255","","","","芦溪县"
"255","","","","上栗县"
"255","","","上饶"
"255","","","","信州区"
"255","","","","德兴市"
"255","","","","上饶县"
"255","","","","广丰县"
"255","","","","玉山县"
"255","","","","铅山县"
"255","","","","横峰县"
"255","","","","弋阳县"
"255","","","","余干县"
"255","","","","波阳县"
"255","","","","万年县"
"255","","","","婺源县"
"255","","","新余"
"255","","","","渝水区"
"255","","","","分宜县"
"255","","","宜春"
"255","","","","袁州区"
"255","","","","丰城市"
"255","","","","樟树市"
"255","","","","高安市"
"255","","","","奉新县"
"255","","","","万载县"
"255","","","","上高县"
"255","","","","宜丰县"
"255","","","","靖安县"
"255","","","","铜鼓县"
"255","","","鹰潭"
"255","","","","月湖区"
"255","","","","贵溪市"
"255","","","","余江县"
"255","","辽宁"
"255","","","沈阳"
"255","","","","沈河区"
"255","","","","皇姑区"
"255","","","","和平区"
"255","","","","大东区"
"255","","","","铁西区"
"255","","","","苏家屯区"
"255","","","","东陵区"
"255","","","","沈北新区"
"255","","","","于洪区"
"255","","","","浑南新区"
"255","","","","新民市"
"255","","","","辽中县"
"255","","","","康平县"
"255","","","","法库县"
"255","","","大连"
"255","","","","西岗区"
"255","","","","中山区"
"255","","","","沙河口区"
"255","","","","甘井子区"
"255","","","","旅顺口区"
"255","","","","金州区"
"255","","","","开发区"
"255","","","","瓦房店市"
"255","","","","普兰店市"
"255","","","","庄河市"
"255","","","","长海县"
"255","","","鞍山"
"255","","","","铁东区"
"255","","","","铁西区"
"255","","","","立山区"
"255","","","","千山区"
"255","","","","岫岩"
"255","","","","海城市"
"255","","","","台安县"
"255","","","本溪"
"255","","","","本溪"
"255","","","","平山区"
"255","","","","明山区"
"255","","","","溪湖区"
"255","","","","南芬区"
"255","","","","桓仁"
"255","","","朝阳"
"255","","","","双塔区"
"255","","","","龙城区"
"255","","","","喀喇沁左翼蒙古族自治县"
"255","","","","北票市"
"255","","","","凌源市"
"255","","","","朝阳县"
"255","","","","建平县"
"255","","","丹东"
"255","","","","振兴区"
"255","","","","元宝区"
"255","","","","振安区"
"255","","","","宽甸"
"255","","","","东港市"
"255","","","","凤城市"
"255","","","抚顺"
"255","","","","顺城区"
"255","","","","新抚区"
"255","","","","东洲区"
"255","","","","望花区"
"255","","","","清原"
"255","","","","新宾"
"255","","","","抚顺县"
"255","","","阜新"
"255","","","","阜新"
"255","","","","海州区"
"255","","","","新邱区"
"255","","","","太平区"
"255","","","","清河门区"
"255","","","","细河区"
"255","","","","彰武县"
"255","","","葫芦岛"
"255","","","","龙港区"
"255","","","","南票区"
"255","","","","连山区"
"255","","","","兴城市"
"255","","","","绥中县"
"255","","","","建昌县"
"255","","","锦州"
"255","","","","太和区"
"255","","","","古塔区"
"255","","","","凌河区"
"255","","","","凌海市"
"255","","","","北镇市"
"255","","","","黑山县"
"255","","","","义县"
"255","","","辽阳"
"255","","","","白塔区"
"255","","","","文圣区"
"255","","","","宏伟区"
"255","","","","太子河区"
"255","","","","弓长岭区"
"255","","","","灯塔市"
"255","","","","辽阳县"
"255","","","盘锦"
"255","","","","双台子区"
"255","","","","兴隆台区"
"255","","","","大洼县"
"255","","","","盘山县"
"255","","","铁岭"
"255","","","","银州区"
"255","","","","清河区"
"255","","","","调兵山市"
"255","","","","开原市"
"255","","","","铁岭县"
"255","","","","西丰县"
"255","","","","昌图县"
"255","","","营口"
"255","","","","站前区"
"255","","","","西市区"
"255","","","","鲅鱼圈区"
"255","","","","老边区"
"255","","","","盖州市"
"255","","","","大石桥市"
"255","","内蒙古"
"255","","","呼和浩特"
"255","","","","回民区"
"255","","","","玉泉区"
"255","","","","新城区"
"255","","","","赛罕区"
"255","","","","清水河县"
"255","","","","土默特左旗"
"255","","","","托克托县"
"255","","","","和林格尔县"
"255","","","","武川县"
"255","","","阿拉善盟"
"255","","","","阿拉善左旗"
"255","","","","阿拉善右旗"
"255","","","","额济纳旗"
"255","","","巴彦淖尔盟"
"255","","","","临河区"
"255","","","","五原县"
"255","","","","磴口县"
"255","","","","乌拉特前旗"
"255","","","","乌拉特中旗"
"255","","","","乌拉特后旗"
"255","","","","杭锦后旗"
"255","","","包头"
"255","","","","昆都仑区"
"255","","","","青山区"
"255","","","","东河区"
"255","","","","九原区"
"255","","","","石拐区"
"255","","","","白云矿区"
"255","","","","土默特右旗"
"255","","","","固阳县"
"255","","","","达尔罕茂明安联合旗"
"255","","","赤峰"
"255","","","","红山区"
"255","","","","元宝山区"
"255","","","","松山区"
"255","","","","阿鲁科尔沁旗"
"255","","","","巴林左旗"
"255","","","","巴林右旗"
"255","","","","林西县"
"255","","","","克什克腾旗"
"255","","","","翁牛特旗"
"255","","","","喀喇沁旗"
"255","","","","宁城县"
"255","","","","敖汉旗"
"255","","","鄂尔多斯"
"255","","","","东胜区"
"255","","","","达拉特旗"
"255","","","","准格尔旗"
"255","","","","鄂托克前旗"
"255","","","","鄂托克旗"
"255","","","","杭锦旗"
"255","","","","乌审旗"
"255","","","","伊金霍洛旗"
"255","","","呼伦贝尔"
"255","","","","海拉尔区"
"255","","","","莫力达瓦"
"255","","","","满洲里市"
"255","","","","牙克石市"
"255","","","","扎兰屯市"
"255","","","","额尔古纳市"
"255","","","","根河市"
"255","","","","阿荣旗"
"255","","","","鄂伦春自治旗"
"255","","","","鄂温克族自治旗"
"255","","","","陈巴尔虎旗"
"255","","","","新巴尔虎左旗"
"255","","","","新巴尔虎右旗"
"255","","","通辽"
"255","","","","科尔沁区"
"255","","","","霍林郭勒市"
"255","","","","科尔沁左翼中旗"
"255","","","","科尔沁左翼后旗"
"255","","","","开鲁县"
"255","","","","库伦旗"
"255","","","","奈曼旗"
"255","","","","扎鲁特旗"
"255","","","乌海"
"255","","","","海勃湾区"
"255","","","","乌达区"
"255","","","","海南区"
"255","","","乌兰察布市"
"255","","","","化德县"
"255","","","","集宁区"
"255","","","","丰镇市"
"255","","","","卓资县"
"255","","","","商都县"
"255","","","","兴和县"
"255","","","","凉城县"
"255","","","","察哈尔右翼前旗"
"255","","","","察哈尔右翼中旗"
"255","","","","察哈尔右翼后旗"
"255","","","","四子王旗"
"255","","","锡林郭勒盟"
"255","","","","二连浩特市"
"255","","","","锡林浩特市"
"255","","","","阿巴嘎旗"
"255","","","","苏尼特左旗"
"255","","","","苏尼特右旗"
"255","","","","东乌珠穆沁旗"
"255","","","","西乌珠穆沁旗"
"255","","","","太仆寺旗"
"255","","","","镶黄旗"
"255","","","","正镶白旗"
"255","","","","正蓝旗"
"255","","","","多伦县"
"255","","","兴安盟"
"255","","","","乌兰浩特市"
"255","","","","阿尔山市"
"255","","","","科尔沁右翼前旗"
"255","","","","科尔沁右翼中旗"
"255","","","","扎赉特旗"
"255","","","","突泉县"
"255","","宁夏"
"255","","","银川"
"255","","","","西夏区"
"255","","","","金凤区"
"255","","","","兴庆区"
"255","","","","灵武市"
"255","","","","永宁县"
"255","","","","贺兰县"
"255","","","固原"
"255","","","","原州区"
"255","","","","海原县"
"255","","","","西吉县"
"255","","","","隆德县"
"255","","","","泾源县"
"255","","","","彭阳县"
"255","","","石嘴山"
"255","","","","惠农县"
"255","","","","大武口区"
"255","","","","惠农区"
"255","","","","陶乐县"
"255","","","","平罗县"
"255","","","吴忠"
"255","","","","利通区"
"255","","","","中卫县"
"255","","","","青铜峡市"
"255","","","","中宁县"
"255","","","","盐池县"
"255","","","","同心县"
"255","","","中卫"
"255","","","","沙坡头区"
"255","","","","海原县"
"255","","","","中宁县"
"255","","青海"
"255","","","西宁"
"255","","","","城中区"
"255","","","","城东区"
"255","","","","城西区"
"255","","","","城北区"
"255","","","","湟中县"
"255","","","","湟源县"
"255","","","","大通"
"255","","","果洛"
"255","","","","玛沁县"
"255","","","","班玛县"
"255","","","","甘德县"
"255","","","","达日县"
"255","","","","久治县"
"255","","","","玛多县"
"255","","","海北"
"255","","","","海晏县"
"255","","","","祁连县"
"255","","","","刚察县"
"255","","","","门源"
"255","","","海东"
"255","","","","平安县"
"255","","","","乐都县"
"255","","","","民和"
"255","","","","互助"
"255","","","","化隆"
"255","","","","循化"
"255","","","海南"
"255","","","","共和县"
"255","","","","同德县"
"255","","","","贵德县"
"255","","","","兴海县"
"255","","","","贵南县"
"255","","","海西"
"255","","","","德令哈市"
"255","","","","格尔木市"
"255","","","","乌兰县"
"255","","","","都兰县"
"255","","","","天峻县"
"255","","","黄南"
"255","","","","同仁县"
"255","","","","尖扎县"
"255","","","","泽库县"
"255","","","","河南蒙古族自治县"
"255","","","玉树"
"255","","","","玉树县"
"255","","","","杂多县"
"255","","","","称多县"
"255","","","","治多县"
"255","","","","囊谦县"
"255","","","","曲麻莱县"
"255","","山东"
"255","","","济南"
"255","","","","市中区"
"255","","","","历下区"
"255","","","","天桥区"
"255","","","","槐荫区"
"255","","","","历城区"
"255","","","","长清区"
"255","","","","章丘市"
"255","","","","平阴县"
"255","","","","济阳县"
"255","","","","商河县"
"255","","","青岛"
"255","","","","市南区"
"255","","","","市北区"
"255","","","","城阳区"
"255","","","","四方区"
"255","","","","李沧区"
"255","","","","黄岛区"
"255","","","","崂山区"
"255","","","","胶州市"
"255","","","","即墨市"
"255","","","","平度市"
"255","","","","胶南市"
"255","","","","莱西市"
"255","","","滨州"
"255","","","","滨城区"
"255","","","","惠民县"
"255","","","","阳信县"
"255","","","","无棣县"
"255","","","","沾化县"
"255","","","","博兴县"
"255","","","","邹平县"
"255","","","德州"
"255","","","","德城区"
"255","","","","陵县"
"255","","","","乐陵市"
"255","","","","禹城市"
"255","","","","宁津县"
"255","","","","庆云县"
"255","","","","临邑县"
"255","","","","齐河县"
"255","","","","平原县"
"255","","","","夏津县"
"255","","","","武城县"
"255","","","东营"
"255","","","","东营区"
"255","","","","河口区"
"255","","","","垦利县"
"255","","","","利津县"
"255","","","","广饶县"
"255","","","菏泽"
"255","","","","牡丹区"
"255","","","","曹县"
"255","","","","单县"
"255","","","","成武县"
"255","","","","巨野县"
"255","","","","郓城县"
"255","","","","鄄城县"
"255","","","","定陶县"
"255","","","","东明县"
"255","","","济宁"
"255","","","","市中区"
"255","","","","任城区"
"255","","","","曲阜市"
"255","","","","兖州市"
"255","","","","邹城市"
"255","","","","微山县"
"255","","","","鱼台县"
"255","","","","金乡县"
"255","","","","嘉祥县"
"255","","","","汶上县"
"255","","","","泗水县"
"255","","","","梁山县"
"255","","","莱芜"
"255","","","","莱城区"
"255","","","","钢城区"
"255","","","聊城"
"255","","","","东昌府区"
"255","","","","临清市"
"255","","","","阳谷县"
"255","","","","莘县"
"255","","","","茌平县"
"255","","","","东阿县"
"255","","","","冠县"
"255","","","","高唐县"
"255","","","临沂"
"255","","","","兰山区"
"255","","","","罗庄区"
"255","","","","河东区"
"255","","","","沂南县"
"255","","","","郯城县"
"255","","","","沂水县"
"255","","","","苍山县"
"255","","","","费县"
"255","","","","平邑县"
"255","","","","莒南县"
"255","","","","蒙阴县"
"255","","","","临沭县"
"255","","","日照"
"255","","","","东港区"
"255","","","","岚山区"
"255","","","","五莲县"
"255","","","","莒县"
"255","","","泰安"
"255","","","","泰山区"
"255","","","","岱岳区"
"255","","","","新泰市"
"255","","","","肥城市"
"255","","","","宁阳县"
"255","","","","东平县"
"255","","","威海"
"255","","","","荣成市"
"255","","","","乳山市"
"255","","","","环翠区"
"255","","","","文登市"
"255","","","潍坊"
"255","","","","潍城区"
"255","","","","寒亭区"
"255","","","","坊子区"
"255","","","","奎文区"
"255","","","","青州市"
"255","","","","诸城市"
"255","","","","寿光市"
"255","","","","安丘市"
"255","","","","高密市"
"255","","","","昌邑市"
"255","","","","临朐县"
"255","","","","昌乐县"
"255","","","烟台"
"255","","","","芝罘区"
"255","","","","福山区"
"255","","","","牟平区"
"255","","","","莱山区"
"255","","","","开发区"
"255","","","","龙口市"
"255","","","","莱阳市"
"255","","","","莱州市"
"255","","","","蓬莱市"
"255","","","","招远市"
"255","","","","栖霞市"
"255","","","","海阳市"
"255","","","","长岛县"
"255","","","枣庄"
"255","","","","市中区"
"255","","","","山亭区"
"255","","","","峄城区"
"255","","","","台儿庄区"
"255","","","","薛城区"
"255","","","","滕州市"
"255","","","淄博"
"255","","","","张店区"
"255","","","","临淄区"
"255","","","","淄川区"
"255","","","","博山区"
"255","","","","周村区"
"255","","","","桓台县"
"255","","","","高青县"
"255","","","","沂源县"
"255","","山西"
"255","","","太原"
"255","","","","杏花岭区"
"255","","","","小店区"
"255","","","","迎泽区"
"255","","","","尖草坪区"
"255","","","","万柏林区"
"255","","","","晋源区"
"255","","","","高新开发区"
"255","","","","民营经济开发区"
"255","","","","经济技术开发区"
"255","","","","清徐县"
"255","","","","阳曲县"
"255","","","","娄烦县"
"255","","","","古交市"
"255","","","长治"
"255","","","","城区"
"255","","","","郊区"
"255","","","","沁县"
"255","","","","潞城市"
"255","","","","长治县"
"255","","","","襄垣县"
"255","","","","屯留县"
"255","","","","平顺县"
"255","","","","黎城县"
"255","","","","壶关县"
"255","","","","长子县"
"255","","","","武乡县"
"255","","","","沁源县"
"255","","","大同"
"255","","","","城区"
"255","","","","矿区"
"255","","","","南郊区"
"255","","","","新荣区"
"255","","","","阳高县"
"255","","","","天镇县"
"255","","","","广灵县"
"255","","","","灵丘县"
"255","","","","浑源县"
"255","","","","左云县"
"255","","","","大同县"
"255","","","晋城"
"255","","","","城区"
"255","","","","高平市"
"255","","","","沁水县"
"255","","","","阳城县"
"255","","","","陵川县"
"255","","","","泽州县"
"255","","","晋中"
"255","","","","榆次区"
"255","","","","介休市"
"255","","","","榆社县"
"255","","","","左权县"
"255","","","","和顺县"
"255","","","","昔阳县"
"255","","","","寿阳县"
"255","","","","太谷县"
"255","","","","祁县"
"255","","","","平遥县"
"255","","","","灵石县"
"255","","","临汾"
"255","","","","尧都区"
"255","","","","侯马市"
"255","","","","霍州市"
"255","","","","曲沃县"
"255","","","","翼城县"
"255","","","","襄汾县"
"255","","","","洪洞县"
"255","","","","吉县"
"255","","","","安泽县"
"255","","","","浮山县"
"255","","","","古县"
"255","","","","乡宁县"
"255","","","","大宁县"
"255","","","","隰县"
"255","","","","永和县"
"255","","","","蒲县"
"255","","","","汾西县"
"255","","","吕梁"
"255","","","","离石市"
"255","","","","离石区"
"255","","","","孝义市"
"255","","","","汾阳市"
"255","","","","文水县"
"255","","","","交城县"
"255","","","","兴县"
"255","","","","临县"
"255","","","","柳林县"
"255","","","","石楼县"
"255","","","","岚县"
"255","","","","方山县"
"255","","","","中阳县"
"255","","","","交口县"
"255","","","朔州"
"255","","","","朔城区"
"255","","","","平鲁区"
"255","","","","山阴县"
"255","","","","应县"
"255","","","","右玉县"
"255","","","","怀仁县"
"255","","","忻州"
"255","","","","忻府区"
"255","","","","原平市"
"255","","","","定襄县"
"255","","","","五台县"
"255","","","","代县"
"255","","","","繁峙县"
"255","","","","宁武县"
"255","","","","静乐县"
"255","","","","神池县"
"255","","","","五寨县"
"255","","","","岢岚县"
"255","","","","河曲县"
"255","","","","保德县"
"255","","","","偏关县"
"255","","","阳泉"
"255","","","","城区"
"255","","","","矿区"
"255","","","","郊区"
"255","","","","平定县"
"255","","","","盂县"
"255","","","运城"
"255","","","","盐湖区"
"255","","","","永济市"
"255","","","","河津市"
"255","","","","临猗县"
"255","","","","万荣县"
"255","","","","闻喜县"
"255","","","","稷山县"
"255","","","","新绛县"
"255","","","","绛县"
"255","","","","垣曲县"
"255","","","","夏县"
"255","","","","平陆县"
"255","","","","芮城县"
"255","","陕西"
"255","","","西安"
"255","","","","莲湖区"
"255","","","","新城区"
"255","","","","碑林区"
"255","","","","雁塔区"
"255","","","","灞桥区"
"255","","","","未央区"
"255","","","","阎良区"
"255","","","","临潼区"
"255","","","","长安区"
"255","","","","蓝田县"
"255","","","","周至县"
"255","","","","户县"
"255","","","","高陵县"
"255","","","安康"
"255","","","","汉滨区"
"255","","","","汉阴县"
"255","","","","石泉县"
"255","","","","宁陕县"
"255","","","","紫阳县"
"255","","","","岚皋县"
"255","","","","平利县"
"255","","","","镇坪县"
"255","","","","旬阳县"
"255","","","","白河县"
"255","","","宝鸡"
"255","","","","陈仓区"
"255","","","","渭滨区"
"255","","","","金台区"
"255","","","","凤翔县"
"255","","","","岐山县"
"255","","","","扶风县"
"255","","","","眉县"
"255","","","","陇县"
"255","","","","千阳县"
"255","","","","麟游县"
"255","","","","凤县"
"255","","","","太白县"
"255","","","汉中"
"255","","","","汉台区"
"255","","","","南郑县"
"255","","","","城固县"
"255","","","","洋县"
"255","","","","西乡县"
"255","","","","勉县"
"255","","","","宁强县"
"255","","","","略阳县"
"255","","","","镇巴县"
"255","","","","留坝县"
"255","","","","佛坪县"
"255","","","商洛"
"255","","","","商州区"
"255","","","","洛南县"
"255","","","","丹凤县"
"255","","","","商南县"
"255","","","","山阳县"
"255","","","","镇安县"
"255","","","","柞水县"
"255","","","铜川"
"255","","","","耀州区"
"255","","","","王益区"
"255","","","","印台区"
"255","","","","宜君县"
"255","","","渭南"
"255","","","","临渭区"
"255","","","","韩城市"
"255","","","","华阴市"
"255","","","","华县"
"255","","","","潼关县"
"255","","","","大荔县"
"255","","","","合阳县"
"255","","","","澄城县"
"255","","","","蒲城县"
"255","","","","白水县"
"255","","","","富平县"
"255","","","咸阳"
"255","","","","秦都区"
"255","","","","渭城区"
"255","","","","杨陵区"
"255","","","","兴平市"
"255","","","","三原县"
"255","","","","泾阳县"
"255","","","","乾县"
"255","","","","礼泉县"
"255","","","","永寿县"
"255","","","","彬县"
"255","","","","长武县"
"255","","","","旬邑县"
"255","","","","淳化县"
"255","","","","武功县"
"255","","","延安"
"255","","","","吴起县"
"255","","","","宝塔区"
"255","","","","延长县"
"255","","","","延川县"
"255","","","","子长县"
"255","","","","安塞县"
"255","","","","志丹县"
"255","","","","甘泉县"
"255","","","","富县"
"255","","","","洛川县"
"255","","","","宜川县"
"255","","","","黄龙县"
"255","","","","黄陵县"
"255","","","榆林"
"255","","","","榆阳区"
"255","","","","神木县"
"255","","","","府谷县"
"255","","","","横山县"
"255","","","","靖边县"
"255","","","","定边县"
"255","","","","绥德县"
"255","","","","米脂县"
"255","","","","佳县"
"255","","","","吴堡县"
"255","","","","清涧县"
"255","","","","子洲县"
"255","","上海"
"255","","","上海"
"255","","","","长宁区"
"255","","","","闸北区"
"255","","","","闵行区"
"255","","","","徐汇区"
"255","","","","浦东新区"
"255","","","","杨浦区"
"255","","","","普陀区"
"255","","","","静安区"
"255","","","","卢湾区"
"255","","","","虹口区"
"255","","","","黄浦区"
"255","","","","南汇区"
"255","","","","松江区"
"255","","","","嘉定区"
"255","","","","宝山区"
"255","","","","青浦区"
"255","","","","金山区"
"255","","","","奉贤区"
"255","","","","崇明县"
"255","","四川"
"255","","","成都"
"255","","","","青羊区"
"255","","","","锦江区"
"255","","","","金牛区"
"255","","","","武侯区"
"255","","","","成华区"
"255","","","","龙泉驿区"
"255","","","","青白江区"
"255","","","","新都区"
"255","","","","温江区"
"255","","","","高新区"
"255","","","","高新西区"
"255","","","","都江堰市"
"255","","","","彭州市"
"255","","","","邛崃市"
"255","","","","崇州市"
"255","","","","金堂县"
"255","","","","双流县"
"255","","","","郫县"
"255","","","","大邑县"
"255","","","","蒲江县"
"255","","","","新津县"
"255","","","绵阳"
"255","","","","涪城区"
"255","","","","游仙区"
"255","","","","江油市"
"255","","","","盐亭县"
"255","","","","三台县"
"255","","","","平武县"
"255","","","","安县"
"255","","","","梓潼县"
"255","","","","北川县"
"255","","","阿坝"
"255","","","","马尔康县"
"255","","","","汶川县"
"255","","","","理县"
"255","","","","茂县"
"255","","","","松潘县"
"255","","","","九寨沟县"
"255","","","","金川县"
"255","","","","小金县"
"255","","","","黑水县"
"255","","","","壤塘县"
"255","","","","阿坝县"
"255","","","","若尔盖县"
"255","","","","红原县"
"255","","","巴中"
"255","","","","巴州区"
"255","","","","通江县"
"255","","","","南江县"
"255","","","","平昌县"
"255","","","达州"
"255","","","","通川区"
"255","","","","万源市"
"255","","","","达县"
"255","","","","宣汉县"
"255","","","","开江县"
"255","","","","大竹县"
"255","","","","渠县"
"255","","","德阳"
"255","","","","旌阳区"
"255","","","","广汉市"
"255","","","","什邡市"
"255","","","","绵竹市"
"255","","","","罗江县"
"255","","","","中江县"
"255","","","甘孜"
"255","","","","康定县"
"255","","","","丹巴县"
"255","","","","泸定县"
"255","","","","炉霍县"
"255","","","","九龙县"
"255","","","","甘孜县"
"255","","","","雅江县"
"255","","","","新龙县"
"255","","","","道孚县"
"255","","","","白玉县"
"255","","","","理塘县"
"255","","","","德格县"
"255","","","","乡城县"
"255","","","","石渠县"
"255","","","","稻城县"
"255","","","","色达县"
"255","","","","巴塘县"
"255","","","","得荣县"
"255","","","广安"
"255","","","","广安区"
"255","","","","华蓥市"
"255","","","","岳池县"
"255","","","","武胜县"
"255","","","","邻水县"
"255","","","广元"
"255","","","","利州区"
"255","","","","元坝区"
"255","","","","朝天区"
"255","","","","旺苍县"
"255","","","","青川县"
"255","","","","剑阁县"
"255","","","","苍溪县"
"255","","","乐山"
"255","","","","峨眉山市"
"255","","","","乐山市"
"255","","","","犍为县"
"255","","","","井研县"
"255","","","","夹江县"
"255","","","","沐川县"
"255","","","","峨边"
"255","","","","马边"
"255","","","凉山"
"255","","","","西昌市"
"255","","","","盐源县"
"255","","","","德昌县"
"255","","","","会理县"
"255","","","","会东县"
"255","","","","宁南县"
"255","","","","普格县"
"255","","","","布拖县"
"255","","","","金阳县"
"255","","","","昭觉县"
"255","","","","喜德县"
"255","","","","冕宁县"
"255","","","","越西县"
"255","","","","甘洛县"
"255","","","","美姑县"
"255","","","","雷波县"
"255","","","","木里"
"255","","","眉山"
"255","","","","东坡区"
"255","","","","仁寿县"
"255","","","","彭山县"
"255","","","","洪雅县"
"255","","","","丹棱县"
"255","","","","青神县"
"255","","","南充"
"255","","","","阆中市"
"255","","","","南部县"
"255","","","","营山县"
"255","","","","蓬安县"
"255","","","","仪陇县"
"255","","","","顺庆区"
"255","","","","高坪区"
"255","","","","嘉陵区"
"255","","","","西充县"
"255","","","内江"
"255","","","","市中区"
"255","","","","东兴区"
"255","","","","威远县"
"255","","","","资中县"
"255","","","","隆昌县"
"255","","","攀枝花"
"255","","","","东 区"
"255","","","","西 区"
"255","","","","仁和区"
"255","","","","米易县"
"255","","","","盐边县"
"255","","","遂宁"
"255","","","","船山区"
"255","","","","安居区"
"255","","","","蓬溪县"
"255","","","","射洪县"
"255","","","","大英县"
"255","","","雅安"
"255","","","","雨城区"
"255","","","","名山县"
"255","","","","荥经县"
"255","","","","汉源县"
"255","","","","石棉县"
"255","","","","天全县"
"255","","","","芦山县"
"255","","","","宝兴县"
"255","","","宜宾"
"255","","","","翠屏区"
"255","","","","宜宾县"
"255","","","","南溪县"
"255","","","","江安县"
"255","","","","长宁县"
"255","","","","高县"
"255","","","","珙县"
"255","","","","筠连县"
"255","","","","兴文县"
"255","","","","屏山县"
"255","","","资阳"
"255","","","","雁江区"
"255","","","","简阳市"
"255","","","","安岳县"
"255","","","","乐至县"
"255","","","自贡"
"255","","","","大安区"
"255","","","","自流井区"
"255","","","","贡井区"
"255","","","","沿滩区"
"255","","","","荣县"
"255","","","","富顺县"
"255","","","泸州"
"255","","","","江阳区"
"255","","","","纳溪区"
"255","","","","龙马潭区"
"255","","","","泸县"
"255","","","","合江县"
"255","","","","叙永县"
"255","","","","古蔺县"
"255","","天津"
"255","","","天津"
"255","","","","和平区"
"255","","","","河西区"
"255","","","","南开区"
"255","","","","河北区"
"255","","","","河东区"
"255","","","","红桥区"
"255","","","","东丽区"
"255","","","","津南区"
"255","","","","西青区"
"255","","","","北辰区"
"255","","","","塘沽区"
"255","","","","汉沽区"
"255","","","","大港区"
"255","","","","武清区"
"255","","","","宝坻区"
"255","","","","经济开发区"
"255","","","","宁河县"
"255","","","","静海县"
"255","","","","蓟县"
"255","","西藏"
"255","","","拉萨"
"255","","","","城关区"
"255","","","","林周县"
"255","","","","当雄县"
"255","","","","尼木县"
"255","","","","曲水县"
"255","","","","堆龙德庆县"
"255","","","","达孜县"
"255","","","","墨竹工卡县"
"255","","","阿里"
"255","","","","噶尔县"
"255","","","","普兰县"
"255","","","","札达县"
"255","","","","日土县"
"255","","","","革吉县"
"255","","","","改则县"
"255","","","","措勤县"
"255","","","昌都"
"255","","","","昌都县"
"255","","","","江达县"
"255","","","","贡觉县"
"255","","","","类乌齐县"
"255","","","","丁青县"
"255","","","","察雅县"
"255","","","","八宿县"
"255","","","","左贡县"
"255","","","","芒康县"
"255","","","","洛隆县"
"255","","","","边坝县"
"255","","","林芝"
"255","","","","林芝县"
"255","","","","工布江达县"
"255","","","","米林县"
"255","","","","墨脱县"
"255","","","","波密县"
"255","","","","察隅县"
"255","","","","朗县"
"255","","","那曲"
"255","","","","那曲县"
"255","","","","嘉黎县"
"255","","","","比如县"
"255","","","","聂荣县"
"255","","","","安多县"
"255","","","","申扎县"
"255","","","","索县"
"255","","","","班戈县"
"255","","","","巴青县"
"255","","","","尼玛县"
"255","","","日喀则"
"255","","","","日喀则市"
"255","","","","南木林县"
"255","","","","江孜县"
"255","","","","定日县"
"255","","","","萨迦县"
"255","","","","拉孜县"
"255","","","","昂仁县"
"255","","","","谢通门县"
"255","","","","白朗县"
"255","","","","仁布县"
"255","","","","康马县"
"255","","","","定结县"
"255","","","","仲巴县"
"255","","","","亚东县"
"255","","","","吉隆县"
"255","","","","聂拉木县"
"255","","","","萨嘎县"
"255","","","","岗巴县"
"255","","","山南"
"255","","","","乃东县"
"255","","","","扎囊县"
"255","","","","贡嘎县"
"255","","","","桑日县"
"255","","","","琼结县"
"255","","","","曲松县"
"255","","","","措美县"
"255","","","","洛扎县"
"255","","","","加查县"
"255","","","","隆子县"
"255","","","","错那县"
"255","","","","浪卡子县"
"255","","新疆"
"255","","","乌鲁木齐"
"255","","","","天山区"
"255","","","","沙依巴克区"
"255","","","","新市区"
"255","","","","水磨沟区"
"255","","","","头屯河区"
"255","","","","达坂城区"
"255","","","","米东区"
"255","","","","乌鲁木齐县"
"255","","","阿克苏"
"255","","","","阿克苏市"
"255","","","","温宿县"
"255","","","","库车县"
"255","","","","沙雅县"
"255","","","","新和县"
"255","","","","拜城县"
"255","","","","乌什县"
"255","","","","阿瓦提县"
"255","","","","柯坪县"
"255","","","阿拉尔"
"255","","","","阿拉尔市"
"255","","","巴音郭楞"
"255","","","","库尔勒市"
"255","","","","轮台县"
"255","","","","尉犁县"
"255","","","","若羌县"
"255","","","","且末县"
"255","","","","焉耆"
"255","","","","和静县"
"255","","","","和硕县"
"255","","","","博湖县"
"255","","","博尔塔拉"
"255","","","","博乐市"
"255","","","","精河县"
"255","","","","温泉县"
"255","","","昌吉"
"255","","","","呼图壁县"
"255","","","","米泉市"
"255","","","","昌吉市"
"255","","","","阜康市"
"255","","","","玛纳斯县"
"255","","","","奇台县"
"255","","","","吉木萨尔县"
"255","","","","木垒"
"255","","","哈密"
"255","","","","哈密市"
"255","","","","伊吾县"
"255","","","","巴里坤"
"255","","","和田"
"255","","","","和田市"
"255","","","","和田县"
"255","","","","墨玉县"
"255","","","","皮山县"
"255","","","","洛浦县"
"255","","","","策勒县"
"255","","","","于田县"
"255","","","","民丰县"
"255","","","喀什"
"255","","","","喀什市"
"255","","","","疏附县"
"255","","","","疏勒县"
"255","","","","英吉沙县"
"255","","","","泽普县"
"255","","","","莎车县"
"255","","","","叶城县"
"255","","","","麦盖提县"
"255","","","","岳普湖县"
"255","","","","伽师县"
"255","","","","巴楚县"
"255","","","","塔什库尔干"
"255","","","克拉玛依"
"255","","","","克拉玛依市"
"255","","","克孜勒苏"
"255","","","","阿图什市"
"255","","","","阿克陶县"
"255","","","","阿合奇县"
"255","","","","乌恰县"
"255","","","石河子"
"255","","","","石河子市"
"255","","","图木舒克"
"255","","","","图木舒克市"
"255","","","吐鲁番"
"255","","","","吐鲁番市"
"255","","","","鄯善县"
"255","","","","托克逊县"
"255","","","五家渠"
"255","","","","五家渠市"
"255","","","伊犁"
"255","","","","阿勒泰市"
"255","","","","布克赛尔"
"255","","","","伊宁市"
"255","","","","布尔津县"
"255","","","","奎屯市"
"255","","","","乌苏市"
"255","","","","额敏县"
"255","","","","富蕴县"
"255","","","","伊宁县"
"255","","","","福海县"
"255","","","","霍城县"
"255","","","","沙湾县"
"255","","","","巩留县"
"255","","","","哈巴河县"
"255","","","","托里县"
"255","","","","青河县"
"255","","","","新源县"
"255","","","","裕民县"
"255","","","","和布克赛尔"
"255","","","","吉木乃县"
"255","","","","昭苏县"
"255","","","","特克斯县"
"255","","","","尼勒克县"
"255","","","","察布查尔"
"255","","云南"
"255","","","昆明"
"255","","","","盘龙区"
"255","","","","五华区"
"255","","","","官渡区"
"255","","","","西山区"
"255","","","","东川区"
"255","","","","安宁市"
"255","","","","呈贡县"
"255","","","","晋宁县"
"255","","","","富民县"
"255","","","","宜良县"
"255","","","","嵩明县"
"255","","","","石林县"
"255","","","","禄劝"
"255","","","","寻甸"
"255","","","怒江"
"255","","","","兰坪"
"255","","","","泸水县"
"255","","","","福贡县"
"255","","","","贡山"
"255","","","普洱"
"255","","","","宁洱"
"255","","","","思茅区"
"255","","","","墨江"
"255","","","","景东"
"255","","","","景谷"
"255","","","","镇沅"
"255","","","","江城"
"255","","","","孟连"
"255","","","","澜沧"
"255","","","","西盟"
"255","","","丽江"
"255","","","","古城区"
"255","","","","宁蒗"
"255","","","","玉龙"
"255","","","","永胜县"
"255","","","","华坪县"
"255","","","保山"
"255","","","","隆阳区"
"255","","","","施甸县"
"255","","","","腾冲县"
"255","","","","龙陵县"
"255","","","","昌宁县"
"255","","","楚雄"
"255","","","","楚雄市"
"255","","","","双柏县"
"255","","","","牟定县"
"255","","","","南华县"
"255","","","","姚安县"
"255","","","","大姚县"
"255","","","","永仁县"
"255","","","","元谋县"
"255","","","","武定县"
"255","","","","禄丰县"
"255","","","大理"
"255","","","","大理市"
"255","","","","祥云县"
"255","","","","宾川县"
"255","","","","弥渡县"
"255","","","","永平县"
"255","","","","云龙县"
"255","","","","洱源县"
"255","","","","剑川县"
"255","","","","鹤庆县"
"255","","","","漾濞"
"255","","","","南涧"
"255","","","","巍山"
"255","","","德宏"
"255","","","","潞西市"
"255","","","","瑞丽市"
"255","","","","梁河县"
"255","","","","盈江县"
"255","","","","陇川县"
"255","","","迪庆"
"255","","","","香格里拉县"
"255","","","","德钦县"
"255","","","","维西"
"255","","","红河"
"255","","","","泸西县"
"255","","","","蒙自县"
"255","","","","个旧市"
"255","","","","开远市"
"255","","","","绿春县"
"255","","","","建水县"
"255","","","","石屏县"
"255","","","","弥勒县"
"255","","","","元阳县"
"255","","","","红河县"
"255","","","","金平"
"255","","","","河口"
"255","","","","屏边"
"255","","","临沧"
"255","","","","临翔区"
"255","","","","凤庆县"
"255","","","","云县"
"255","","","","永德县"
"255","","","","镇康县"
"255","","","","双江"
"255","","","","耿马"
"255","","","","沧源"
"255","","","曲靖"
"255","","","","麒麟区"
"255","","","","宣威市"
"255","","","","马龙县"
"255","","","","陆良县"
"255","","","","师宗县"
"255","","","","罗平县"
"255","","","","富源县"
"255","","","","会泽县"
"255","","","","沾益县"
"255","","","文山"
"255","","","","文山县"
"255","","","","砚山县"
"255","","","","西畴县"
"255","","","","麻栗坡县"
"255","","","","马关县"
"255","","","","丘北县"
"255","","","","广南县"
"255","","","","富宁县"
"255","","","西双版纳"
"255","","","","景洪市"
"255","","","","勐海县"
"255","","","","勐腊县"
"255","","","玉溪"
"255","","","","红塔区"
"255","","","","江川县"
"255","","","","澄江县"
"255","","","","通海县"
"255","","","","华宁县"
"255","","","","易门县"
"255","","","","峨山"
"255","","","","新平"
"255","","","","元江"
"255","","","昭通"
"255","","","","昭阳区"
"255","","","","鲁甸县"
"255","","","","巧家县"
"255","","","","盐津县"
"255","","","","大关县"
"255","","","","永善县"
"255","","","","绥江县"
"255","","","","镇雄县"
"255","","","","彝良县"
"255","","","","威信县"
"255","","","","水富县"
"255","","浙江"
"255","","","杭州"
"255","","","","西湖区"
"255","","","","上城区"
"255","","","","下城区"
"255","","","","拱墅区"
"255","","","","滨江区"
"255","","","","江干区"
"255","","","","萧山区"
"255","","","","余杭区"
"255","","","","市郊"
"255","","","","建德市"
"255","","","","富阳市"
"255","","","","临安市"
"255","","","","桐庐县"
"255","","","","淳安县"
"255","","","湖州"
"255","","","","吴兴区"
"255","","","","南浔区"
"255","","","","德清县"
"255","","","","长兴县"
"255","","","","安吉县"
"255","","","嘉兴"
"255","","","","南湖区"
"255","","","","秀洲区"
"255","","","","海宁市"
"255","","","","嘉善县"
"255","","","","平湖市"
"255","","","","桐乡市"
"255","","","","海盐县"
"255","","","金华"
"255","","","","婺城区"
"255","","","","金东区"
"255","","","","兰溪市"
"255","","","","市区"
"255","","","","佛堂镇"
"255","","","","上溪镇"
"255","","","","义亭镇"
"255","","","","大陈镇"
"255","","","","苏溪镇"
"255","","","","赤岸镇"
"255","","","","东阳市"
"255","","","","永康市"
"255","","","","武义县"
"255","","","","浦江县"
"255","","","","磐安县"
"255","","","丽水"
"255","","","","莲都区"
"255","","","","龙泉市"
"255","","","","青田县"
"255","","","","缙云县"
"255","","","","遂昌县"
"255","","","","松阳县"
"255","","","","云和县"
"255","","","","庆元县"
"255","","","","景宁"
"255","","","宁波"
"255","","","","海曙区"
"255","","","","江东区"
"255","","","","江北区"
"255","","","","镇海区"
"255","","","","北仑区"
"255","","","","鄞州区"
"255","","","","余姚市"
"255","","","","慈溪市"
"255","","","","奉化市"
"255","","","","象山县"
"255","","","","宁海县"
"255","","","绍兴"
"255","","","","越城区"
"255","","","","上虞市"
"255","","","","嵊州市"
"255","","","","绍兴县"
"255","","","","新昌县"
"255","","","","诸暨市"
"255","","","台州"
"255","","","","椒江区"
"255","","","","黄岩区"
"255","","","","路桥区"
"255","","","","温岭市"
"255","","","","临海市"
"255","","","","玉环县"
"255","","","","三门县"
"255","","","","天台县"
"255","","","","仙居县"
"255","","","温州"
"255","","","","鹿城区"
"255","","","","龙湾区"
"255","","","","瓯海区"
"255","","","","瑞安市"
"255","","","","乐清市"
"255","","","","洞头县"
"255","","","","永嘉县"
"255","","","","平阳县"
"255","","","","苍南县"
"255","","","","文成县"
"255","","","","泰顺县"
"255","","","舟山"
"255","","","","定海区"
"255","","","","普陀区"
"255","","","","岱山县"
"255","","","","嵊泗县"
"255","","","衢州"
"255","","","","衢州市"
"255","","","","江山市"
"255","","","","常山县"
"255","","","","开化县"
"255","","","","龙游县"
"255","","重庆"
"255","","","重庆"
"255","","","","合川区"
"255","","","","江津区"
"255","","","","南川区"
"255","","","","永川区"
"255","","","","南岸区"
"255","","","","渝北区"
"255","","","","万盛区"
"255","","","","大渡口区"
"255","","","","万州区"
"255","","","","北碚区"
"255","","","","沙坪坝区"
"255","","","","巴南区"
"255","","","","涪陵区"
"255","","","","江北区"
"255","","","","九龙坡区"
"255","","","","渝中区"
"255","","","","黔江开发区"
"255","","","","长寿区"
"255","","","","双桥区"
"255","","","","綦江县"
"255","","","","潼南县"
"255","","","","铜梁县"
"255","","","","大足县"
"255","","","","荣昌县"
"255","","","","璧山县"
"255","","","","垫江县"
"255","","","","武隆县"
"255","","","","丰都县"
"255","","","","城口县"
"255","","","","梁平县"
"255","","","","开县"
"255","","","","巫溪县"
"255","","","","巫山县"
"255","","","","奉节县"
"255","","","","云阳县"
"255","","","","忠县"
"255","","","","石柱"
"255","","","","彭水"
"255","","","","酉阳"
"255","","","","秀山"
"255","","香港"
"255","","","香港"
"255","","","","沙田区"
"255","","","","东区"
"255","","","","观塘区"
"255","","","","黄大仙区"
"255","","","","九龙城区"
"255","","","","屯门区"
"255","","","","葵青区"
"255","","","","元朗区"
"255","","","","深水埗区"
"255","","","","西贡区"
"255","","","","大埔区"
"255","","","","湾仔区"
"255","","","","油尖旺区"
"255","","","","北区"
"255","","","","南区"
"255","","","","荃湾区"
"255","","","","中西区"
"255","","","","离岛区"
"255","","澳门"
"255","","","澳门"
"255","","","","澳门"
"255","","台湾"
"255","","","台湾"
"255","","","","台北"
"255","","","","高雄"
"255","","","","基隆"
"255","","","","台中"
"255","","","","台南"
"255","","","","新竹"
"255","","","","嘉义"
"255","","","","宜兰县"
"255","","","","桃园县"
"255","","","","苗栗县"
"255","","","","彰化县"
"255","","","","南投县"
"255","","","","云林县"
"255","","","","屏东县"
"255","","","","台东县"
"255","","","","花莲县"
"255","","","","澎湖县"
